id,Unique_person_ID,mobile_or_desktop
1,0056b9fc-4425-4406-9744-673b0419f830,0
2,f51738c4-d5de-49b8-82be-f1e60f2375d4,0
3,2bd4fb97-14e5-4a15-b4a4-90c26b275704,0
4,27668eba-f80c-439e-bd3e-63b28dfab9c9,0
5,f74ce114-ec52-48e5-920c-be5d03984148,0
6,466b3185-fe6f-4a61-9bdb-2574e320c88a,0
7,99450f7b-99ac-4f06-ab57-78752115cc0e,0
8,6b9360bb-8465-48de-a72b-8a9b9e3376d2,0
9,2f8221d2-83a8-4996-89eb-283bcf9d3425,0
10,5fc08116-03ee-419a-b45e-75654bf0ce77,0
11,698e9d88-188d-4161-b193-e88499d1132e,0
12,9bd96a45-6072-4abb-ae32-4ade65d99581,0
13,f1c83c29-cc3b-4f6b-8366-12e9eec28c6c,0
14,1c194d9c-f673-400d-9fc3-d100fb8d6e95,0
15,988d7206-f83d-4937-897c-949bcac9a5e1,0
16,f10e38a2-8057-46e8-b0d6-2e2d10b7d9e1,0
17,d6744128-68ab-41f6-81a8-b9589b45309e,0
18,41f94e2f-9337-4e7b-9f89-82db6d508cc0,0
19,bdea2787-38c2-4098-820f-a2abb76d73bc,0
20,f7c51187-d290-4780-a255-50204116f7df,0
21,62ce7dfd-ed77-4d35-a709-80ad038e2812,0
22,905854f9-ba31-47ee-9d06-1ec70d94b7bb,0
23,ec4510fd-d801-48ea-8f90-8c4636ac935f,0
24,1fd4d97a-0b57-4056-a79d-e964fb783089,1
25,df2e14e1-9080-4d33-b0a5-7dcd76309c8b,0
26,7ba9b275-31eb-4af6-a983-020075d78d89,0
27,069373a3-1149-4e39-b168-eb85bda8ce50,0
28,19c0b09f-1e3f-48c6-95d2-6e6f2fb1bf2c,0
29,826613e9-5438-4607-97c5-d051903a72f8,0
30,3442a2ec-530d-42c1-a663-a371778c8c54,0
31,b425704b-1bef-412d-ac80-625baffb24dc,0
32,ad34bddc-84b3-496a-9ee4-5767513f5e38,0
33,4d8ef1c1-de44-4f10-a253-c4fe71691d18,1
34,73bb863d-714d-47f1-b138-70c7473a7586,0
35,3dc07398-2c05-48d4-a5a5-607002f8b3e9,0
36,88e94ac7-f0ea-460c-84a5-e093c8f5fd7f,0
37,06fca3ff-094b-49dc-b77f-95ad9e61d0b5,0
38,8b20d84b-3fea-4f88-9f88-a1c394503add,0
39,8458411a-8b66-4794-b33c-78d7cfedec49,0
40,1ba3827f-8dad-44bf-b5ac-29df791cdc62,0
41,dc516646-d2a5-4334-b6ac-38c140c21d52,0
42,d6c879f3-c987-4c83-bca9-295e0634630f,0
43,07964f7c-c945-4902-bbd0-e02fddcb70d0,0
44,29432363-8eb9-4711-89c6-37ab677513b0,0
45,917c16ad-cde7-49ee-ba00-74668f1bb1a8,1
46,9282c120-3409-4e09-9496-5e21ddbe5bcb,0
47,70f8446c-e9d2-48e7-a426-c450d063cb4d,0
48,1ab684fb-9c75-4ed8-a049-437f544f2008,0
49,a2dfb6d9-b0be-42b6-950a-34879a60a3f5,0
50,8da3b727-2a93-44ba-8529-d50107403fce,1
51,f4f3a925-3d32-46f6-82ff-5502dfa37ffa,0
52,71930516-a246-4b12-bcfe-034895c0797e,0
53,41e785c4-12d3-4e34-a3f9-0b46f959aac1,0
54,1af74299-4e8e-46cd-97df-e49604f48eb2,1
55,ccbc3ab4-7e12-4c48-8eb8-93641623e9b6,0
56,5679cea7-f82a-456c-9f02-fb62db72bc84,0
57,d393d86c-60c0-440b-a6f2-387800e765ce,0
58,040f34e1-ad28-48ba-94fe-3d3a4bd1ef39,0
59,8342c712-4459-41cf-b7a7-21b7113c53c5,0
60,c9a8e4b9-0c10-49b0-b3ec-a9f8678666ee,0
61,a99fa1e9-56d2-46c4-bd53-f5919cd542fe,0
62,71cb24e0-61b7-40fa-8559-158969c12a2f,0
63,4cd1067d-4046-4d8b-8879-11cc740d97dd,0
64,ce81f7f7-8112-42ab-ab43-07b25c08150e,0
65,a129bff1-64d4-41f5-8485-23f40c654af7,0
66,2addd358-0201-4ec9-8af9-08c7ee1ada9e,0
67,bdfe7599-7d17-406d-8ad2-3aa92762a0f5,0
68,50808da2-25a1-4b80-832c-b61de52d7550,0
69,a6fce958-f193-4e7e-b1a5-d0fa5173464c,0
70,c84ba3e4-33bf-439b-a5b3-208095a97fe6,0
71,80780186-594a-4511-bc48-ff58e9ed47fc,0
72,1f41647f-94dc-4127-8cd6-b71ec0171f9b,0
73,8990da1c-a7bd-4151-aab1-d03d2dee3a7c,0
74,98162ef4-a238-4702-aae5-d250dc9615a1,0
75,a83f878e-b1d7-41d8-b716-720f010bfa23,0
76,0ecb18ce-50b3-4333-8128-6b1bec5cb251,0
77,1d8c858e-0441-4529-972c-e7524b13ec56,0
78,62585002-2ad7-43e0-8185-213712148d0c,0
79,d4c8699a-b9bb-408d-828c-136df0207642,0
80,ef65b02d-ff68-47fb-9115-5a8cce10452a,0
81,49873fbf-75f0-4545-b946-0688dd03875b,0
82,62b406a6-4407-4e98-be90-4f5fe5d23e42,0
83,94d8dbac-4cb3-4e86-98d2-e9bb5766dac2,0
84,6f81297f-0e23-48e2-9aa0-b9e787cac2fa,0
85,e8ef0a9e-d62d-4481-a410-0e51a5673b3c,0
86,0686b4a9-03de-4adc-88a0-a12c51b94604,0
87,1a50560a-4561-4e4b-80f2-44929162123c,0
88,22d49e0f-7adb-4791-a552-ced8646ae18b,0
89,dec8a6e1-e515-4679-857b-429b77e56391,0
90,8e3e6afe-b279-4a60-bf96-552b6168aaa1,0
91,9775c7dd-23b2-4d5f-aca2-2338c7bcd7f9,0
92,32320656-d25b-46ce-a06d-8da4a4731734,0
93,4bd95e60-9df2-48bb-a9b6-f336cd0a205c,0
94,e0d4b0a8-6eab-458f-8476-2b03e9a8385a,0
95,006a5a08-7356-41c3-b9f5-869dd4aa6eaa,0
96,03a13a0a-d2de-4365-9538-e75675ac8e9e,0
97,1e7ec3d5-1d63-4d39-a485-6ce0612707b3,0
98,f0d4746c-6dbf-478b-9b53-ba9c9d839dc4,0
99,8fbb3495-f026-4e83-93cc-0b441aac51fa,0
100,3d18a0e1-a2df-4c1b-9d5d-2bf6e45ee2bf,0
101,ecbee816-7038-4498-98fc-62f240e83b91,0
102,7c823c22-4cff-4960-bf4f-ab2f6ebe3ca8,0
103,43691915-bf33-4534-bd8f-ad8bc409bb0b,0
104,d0d77bb9-7b45-412e-8110-b33a4fec66a3,0
105,4aabcb4c-536f-4bdf-8d74-edc048aebd02,0
106,3a1c23fc-5fc5-4d9b-ba90-728c14404bb8,0
107,be85696f-6c7f-49dd-9067-f66cfbb8f0c7,0
108,ffe29531-2983-465a-8088-f56f9740ed44,0
109,e27690ad-050d-4d17-add4-0fbd77edcf4a,0
110,62de936c-3c49-45d5-b96a-9194392413b8,0
111,5f3e60c2-fc91-48e0-9323-c35100cefc92,0
112,85bee9ab-68f9-4e75-8d98-65afdf2b41fc,0
113,76dbfc76-dc6b-47db-a175-cb1a80b6b989,0
114,7a7debe2-a2ed-41db-b22c-dd7d19ca8b22,0
115,f54f0ee3-50ec-4db7-b3d6-eada0affe31d,0
116,96e78fee-8859-441c-ba00-54ccb64749ce,0
117,3f450516-01b9-4c71-bb56-692a4352fd5f,0
118,135c13dc-1824-4dda-b85f-a68fffbd4ee3,0
119,395040c9-fb16-4d31-b3c9-60cf8f2ec393,0
120,ee74f543-4c8e-48fc-8278-6feb15797168,0
121,e65a4e27-5936-4d3f-81ac-468cfdc48b5f,0
122,fecf019d-fce4-4d48-af2a-dafa1b26c67c,0
123,dd505b0d-1567-4d81-95df-e9aa7d579e24,0
124,18a7b477-1e69-46b1-b1e7-4437ee57a9f9,0
125,89fe4d9c-775f-43d2-9a92-3293fb12a247,0
126,d8638b0c-bed3-448b-9bd5-48c564995da8,0
127,0f2483dc-fd7d-4f9b-847e-9bf011fabb32,0
128,b2a9e9fa-2b44-4d66-907f-8fd7b7f6cc8d,0
129,b19643ab-afbc-46d0-a2de-8ce3b1f4474b,0
130,4f03f870-e21c-4dae-aab2-a55be3c11eef,0
131,fa753844-aae0-4de1-a28e-5b8a01a13535,0
132,1b08d330-3081-4faf-95e8-1c4c90176e52,0
133,da1b2b4c-d801-493c-a842-31078861f843,0
134,933923fb-f5df-4f5b-aea9-781ee401f39f,0
135,c3312929-2887-4996-a2a4-62a1be59ea6f,0
136,065bc38d-4f74-4e9d-a221-2c2a9b4faeb9,0
137,2a340ca0-0ea7-41e3-a5d6-ddeb211e18ee,0
138,11b1f121-dbf6-4789-92d4-89bf9755899f,0
139,23d6cca1-479f-449c-b2a2-ae566c2da6e1,0
140,95d68abe-177e-44b1-894d-33af292d9106,0
141,22f90342-bc28-49d9-a450-9734fe8c2dc8,0
142,09e6ad8c-9f6e-49ca-a2af-c52baeb1e9b0,0
143,7d15f291-4eed-4c40-922a-b8182e7413d3,0
144,5e67b80a-872a-4879-987c-ba02ae74d375,0
145,da1a5328-f7ed-4d65-927a-fc44c73c745d,0
146,e595bc6c-13a7-4889-8913-daf1549758c6,0
147,469fd090-b6df-4923-beba-69bfd91d67cb,0
148,15c02fbe-8102-4d98-8de1-5cb175f1bbc3,0
149,83dbe23e-c8da-4ef1-9baa-3dc165a29bf8,0
150,58c7de47-dd1f-4b6b-99c0-a325421f7493,0
151,f730d541-fd4d-4212-9135-8827d78a8aca,0
152,69d4f761-2208-4316-bf50-f65fb20cac2d,0
153,59b43f94-1193-4bda-9e54-ccd2953b5f11,0
154,edf7412e-f333-4bf7-b620-142eea7d0742,0
155,b88a69c2-0720-43c1-bc96-b2be1149f0b8,0
156,2f9436be-62d0-42e1-ac9e-62c3aaada267,0
157,1f696bd2-1e0b-47a5-96a7-8e91926089f9,0
158,b9e777db-f307-48c2-bfd8-431177e14847,0
159,79a3ac96-5b74-40c6-b78a-19b1ed9d3098,0
160,e5ebc2cc-fa99-41e2-be2e-cf4eb4de50da,0
161,70c43833-2fc0-4399-93e8-52f3fd9cca10,0
162,47f94a0a-d6cb-4f67-a2bf-68e82d2a598e,0
163,1c255a40-abf2-461a-a2f9-af9dc029c8cb,0
164,7a14bfdb-f066-4a2c-83b4-5b99e876dd79,0
165,7ed2d4e6-3894-49fc-bee6-53d516748665,0
166,ca6d4d17-cb81-4aa9-bea6-5bf14d3a890e,0
167,8433656d-f9de-4079-aafd-92f742a3383a,0
168,5a66d45b-2789-4a6b-858b-c7c87830d2bc,0
169,008acd99-00a9-4389-8f43-b315df7a21cd,0
170,b72fe920-2b1a-4844-8cb0-e7a0446ff4a8,0
171,e775561d-b70f-4eff-8197-9e372d902173,0
172,0a71d389-2baa-4a7a-b7c9-8d18c0680fbb,0
173,7e9d0b7f-016d-437b-871b-78414c0fd416,0
174,951d50d9-c783-4d27-b172-d0b6e183210e,0
175,648150f7-6823-4877-bc8f-478889ed833d,0
176,727f6b0c-5dbb-4fcb-b210-7ef68ba23db2,0
177,8458eb7e-19b6-40a3-8d26-3b2171763542,0
178,b8de8aad-860b-4b47-9d27-5c87f6fb2649,0
179,dc705f41-f93b-4359-8457-2e8161dc81fd,0
180,28336897-53e3-456c-8e73-9933c3b6ecab,0
181,9e1f9491-de13-4944-b9cc-24150b6dc124,0
182,fb43bc79-ecc7-44af-ba53-033811e4f032,0
183,9f9e7940-c041-4b87-a8fc-32935b6a9d4e,0
184,d9612d22-0837-4bbc-83b8-8d5e4cfaa6fd,0
185,13971035-a9a0-473e-a9aa-1475a5ff470c,0
186,5d1a5741-ce4a-4a3f-9c80-75e8fb2035df,0
187,bf2e52cf-d59d-4fcb-a1cc-11acb351e01a,0
188,57817be1-6f7e-4693-958a-0fac9b470f9d,0
189,6ec2b158-84af-4497-a5f8-a2baa8cda78d,0
190,e061eb6e-e45f-4774-b166-4977e5cfacea,0
191,274b0ad6-df17-4359-9b25-219f23614443,0
192,f616128f-035c-49cf-9901-1ff102db520a,0
193,f3fba3f7-de69-4147-a90b-004b3d89c1dd,0
194,c5ec8bda-1bc9-4ede-b361-1663f379123b,0
195,5701971d-2031-4655-9889-9b60f7fc726c,0
196,8724e73b-c5c9-4747-97da-d997f3550a0d,0
197,13afc0c4-aa31-4657-9ac4-9822dc7bfb06,0
198,f38754a8-1fc3-44d3-b9f1-ca3889f7ba3d,0
199,509a4d2d-7a5c-4252-99ef-71996b47a8dd,0
200,3185e5f9-fbeb-4f45-8304-cc7d5bad72e8,0
201,48b8d79a-a6c3-4139-8c1f-64146f2729c5,0
202,e4700369-4c84-4692-b12e-54f81f708f23,0
203,c6625936-3f50-4d2e-9f58-12cce16c0abb,0
204,5068fcc1-e89f-43b0-90dc-a1c401b9370e,0
205,31a171e8-fe7c-4cde-a587-f1a1c9d7dc5e,0
206,b3527ac8-35dc-4155-a295-060909fd9a54,0
207,e8e8bf99-fc65-472f-9311-617cc9ba9245,0
208,14c519b6-e3ca-4a01-b1fd-0876a1b1fa7d,0
209,47bea2b7-e931-4446-9003-1a3cbef230d1,0
210,4dde080a-0fcb-4880-a836-63a94edf7fbd,0
211,cbb8e532-15a8-4caf-a067-a3d46479e34a,0
212,6cdf024a-dcaa-42af-bc61-2be885223ac0,0
213,b5a40934-e370-47f9-9091-c7db64a27019,0
214,7afc754c-c5ee-4645-91b3-10a2d2bf7aac,0
215,a8e44787-a523-411a-946a-0ae4db64e4c7,0
216,aed4a2cc-f5a7-4436-8c3d-da0a5415b90a,0
217,e04920d0-3294-4fc8-875f-864e8c92b9a4,0
218,291a2419-15fb-40aa-823a-53b49ae89cde,0
219,4ba3e20a-8bd2-48ce-b678-264e8d85c0c8,0
220,6b424974-bf25-4035-829b-5f61e87734c1,0
221,d7f96952-9687-4520-b122-031b3f21e852,0
222,46c87d02-c69c-4371-b70e-a6441848dc63,0
223,2b6c547c-c288-40fd-8e30-4481b36d6b4c,0
224,c17b64dc-2776-484f-bc1b-501fb8e56367,0
225,c9a397bc-363c-4f2a-982a-33e5766e34a9,0
226,a4fdb4d4-b6b6-44bb-bd14-a47a9ac26bc5,0
227,d3ed34ed-5c84-4ba2-8aa9-4977862a2b91,0
228,7a09cd48-1f95-4b88-b119-4b9507aeebf6,0
229,ea7b33dd-74af-4e35-8016-23556cd09b50,0
230,88af71d8-482b-4a5d-9916-e0fce55e4337,0
231,08cda21a-3e96-42b7-b433-6a08babe92bd,0
232,fa497d9e-7078-4bae-9881-90c2488024dc,0
233,d1be7b27-7013-4d30-99ea-f99b5b46681d,0
234,0c937c07-8f92-429b-a986-30f48416aba0,0
235,ec52e79e-f365-4b36-825a-a88bbc31caf2,0
236,e0fe2efe-285e-4e13-b465-07949c6437cb,0
237,f0bed580-cfbe-4e51-ae72-d378b2170d5b,0
238,75b94e0b-2e3f-4d1a-be0b-716587143c98,0
239,ec919b3c-197d-4e9a-bee9-cf4c5cecaa89,0
240,66cd3aff-f7bd-4413-8935-00845e7f9eee,0
241,4616fbb7-2279-41d3-bd32-a19ff25b3f93,0
242,de6ffa48-d3ac-410b-83af-9c1677e29148,0
243,703b03fa-e9ab-458b-ad23-d138114bc213,0
244,3199fc24-dc53-41e9-b77f-61704c907693,0
245,00499d3f-375f-4b67-94df-0e5d4fe4166c,0
246,db3a1d77-b72d-45d0-8871-0a6ac712e4fb,0
247,4816e899-cab8-4564-8137-37096752b517,0
248,7ece5fd3-91d4-40d7-9511-dd01a8b42cfd,0
249,a470f7f9-992b-473d-8660-69c1fbacc030,0
250,2f747ef9-574f-4a0d-88b1-adf87ad907e4,0
251,8611e201-75f1-4409-add8-f75489460f7e,0
252,d85bf096-d13f-4f9b-808d-b984a8bf4c77,0
253,f0d0c84f-76fb-4651-a52c-79ae32811813,0
254,7af6e2bf-f2bf-4c21-85b9-dec0a31f1066,0
255,b26d9c9f-7214-4657-a857-802cd8b012b9,0
256,d36ffda7-2a00-4289-b7f1-e6eba5f7b676,0
257,847b6a93-9129-425a-bad6-3a5cbb2d5bee,0
258,f4f3b08d-9cba-4dca-9cd0-f1d100f66444,0
259,daa169f4-ebd3-422d-9b90-27b9484f5593,0
260,0d7b9b47-b5ac-4eaf-a71d-dd0f676e92ef,0
261,54dc566f-ad6c-4046-9691-e898ae72ded6,0
262,e733c2d1-66e1-4023-9e2a-121b7cfb3c0f,0
263,da31cd5e-1fb8-47e7-b9eb-4472764a47e8,0
264,4279d704-d08e-4f60-aa61-47903e8ebfd1,0
265,7e4f5929-3025-4e04-a15a-bcbe6aa0e175,0
266,8526b483-9e55-46e8-b0f3-472262be0609,0
267,2d081dd6-1322-492e-bdda-f28ff3c86d45,0
268,33aef778-f98d-465b-97ca-25965267b3be,0
269,6ff38634-663b-4406-9772-4a04ac5b1ec8,0
270,59f8277a-8f50-4225-a4d8-6da5835a2c79,0
271,19640a68-5529-446f-857e-b24ad4ddfa54,0
272,8fccc180-5cc7-4a50-8f4b-337d42b55cab,0
273,dc2284e7-2eda-44e9-bdaf-53c8d4b17c13,0
274,1597fe78-ccbe-4368-817f-7177e227ae4e,0
275,7f58de91-6899-4c84-8b79-229a4009f1df,0
276,d42d1eab-bd1e-4af9-9e5d-c755fb747ac0,0
277,eb9ae8d5-911c-435d-8fb7-e38745e5f87d,0
278,6b09e3fc-4c1d-4305-a704-a9a737d637ff,0
279,2446aa8d-1ff6-4f3c-9060-dc8d9003bb50,0
280,067c2cb5-f240-427c-b86e-40e04a141306,0
281,88a2d4a5-e764-4ec3-8183-3f876580b3ed,0
282,b9d8c8bf-21b4-4d59-9403-a6afcdfb96ac,0
283,9c3d55dc-914d-40c7-a64d-6d4b8cde4dad,0
284,c94ee57b-6283-4a6a-a4a4-13d8411115d6,0
285,91bbf44c-4159-4dc1-8ffc-f894f7cc6c33,0
286,f94b23f3-817f-4946-a828-2bafe2f07b68,0
287,7c730941-cdb5-413e-8574-f7a99bba482a,0
288,b9924ea0-6132-4c7e-a67c-ef8478437493,0
289,9f3a71bb-c580-4434-80f4-63eabf7040a5,0
290,8e61f1ec-c2d0-480d-9e55-7f27d196ba55,0
291,af8c212a-844e-40fe-b576-f059ba9a52d7,0
292,d5ab6dfe-074c-4c8d-b90c-ac969e74aeca,0
293,ede14b90-2c01-4ffe-8804-5ed4582fbf12,0
294,ec0d4455-3c97-4d17-bd97-6f49e3b318af,0
295,e0998654-af76-49c4-89d9-d99774e221bf,0
296,3a5463db-8a48-42f0-ad85-05d63ac74fe8,0
297,fef01862-fa88-4a8d-a3e9-20d41f3e00f5,0
298,cb14dd54-8925-4bd8-aa48-f03f04988746,0
299,f7ef2f4a-2464-433a-9b1b-a0654ac03c31,0
300,c747897b-0c78-493f-a724-2feddd69fba6,0
301,35cad40b-a6d8-45fa-8812-1bb598185ee2,0
302,4000ca40-066f-49af-ac27-2995087e27c8,0
303,2411465d-9ab7-479c-8fdc-8cb5f7be1b4c,0
304,b63efcc5-e627-4bc5-8d9f-4cf02cff7102,0
305,d1846d47-5944-48ea-b52b-df56a035c6fe,0
306,df5b820c-77c3-4bd9-91dc-44e7c94ddffe,0
307,dff53f63-7bb3-400b-acaa-4493cfa22730,0
308,3f37ee0e-7f3f-4331-860c-d7592d9ce920,0
309,93187c02-2b6f-4de6-b616-b39af81b6e1c,0
310,907974ec-75c6-4d9c-a8de-eef6e563b65e,0
311,103fd202-d2ef-475f-b722-3b40843a3a23,0
312,73839313-eaa5-46ec-8d36-5fa7c5f3a97a,0
313,0548bfe4-b75d-46b0-9b3e-271e261721fb,0
314,3309b84d-cf31-4312-8864-5ed34da0176d,0
315,df68f7e4-958b-4ff8-a13f-d17d4dca5389,0
316,a742efdc-a9da-47f7-9da9-5e4ddeccebe8,0
317,0f56e435-28c7-4b57-a8d2-e1a87bb59b86,0
318,cff1b06f-f659-4a49-9669-2e0a04cbca6e,0
319,d267e0a3-30ec-47c8-9bd7-548ca618f87c,0
320,f9c461a1-7c6a-4258-9817-75a34612a669,0
321,98efda85-b54f-416a-9837-777176b7e4f7,0
322,279b03fc-1705-4f13-9abd-a898090ce421,0
323,e76ecdfb-8634-45dc-8c16-75ba64571e80,0
324,00fb37ff-7ff6-4e61-9f74-73bfc5459f75,0
325,f9b3edaf-934a-489d-ac87-7c336d71590a,0
326,1ce04aa3-fc1c-49d9-927a-e542e4d14a31,0
327,068abc05-778d-4771-a727-90fdc815c64b,0
328,12cdda31-0301-437c-a36e-060bab554367,0
329,e428c755-43fb-4dbc-a761-acb277289dae,0
330,f5d08bad-a36f-45d5-bb33-d5e06f9065d8,0
331,2479a019-b0be-478b-a18f-399fee5d7da5,0
332,7c45376d-9c8b-4073-b39f-5e4615d147ff,0
333,f789b2bd-ae7d-4e70-b2c3-676c80635fba,0
334,64a115b6-931d-4262-91c8-471611eb439d,0
335,c67dc909-0eb6-4dad-94a3-0e08c5e38622,0
336,06b59d13-bda9-40b2-871b-42bdddb3d40b,0
337,4d3a7a8a-2220-4f67-b030-3bb1dc430374,0
338,e25587db-837c-45e9-87c7-2052f7c0072b,0
339,c8a757c1-a926-4423-a2cf-98a67db5eecd,0
340,9fe208fe-545c-4345-9a94-6387137c936b,0
341,b2183856-c1ab-40a1-ae1d-2dc9ccb35ba5,0
342,e57d696a-95cf-44a6-9a54-a2147b1da1ad,0
343,d6616c91-42a0-4989-b65f-c644c6a8fe18,0
344,7a774581-14b7-49ff-a377-06a2223549c3,0
345,78df2af2-8c41-485f-b1e5-9883da004389,0
346,1029ac27-a251-4909-9bcb-5a979611262b,0
347,226a9061-d959-4fd1-9402-53f4f5a4e605,0
348,efc30980-5b18-4642-84d7-5e3ca99b56c7,0
349,7830591f-58c0-4d42-ad60-2f8cd6c6e404,0
350,cfcd1211-fc8b-4797-a814-a51d56f89146,0
351,5835fe4b-a39c-4157-9cc2-dbfa39e04304,0
352,3938084b-c9f9-4cde-8bb0-266272e785fe,0
353,4e3e86f6-779b-49a7-9519-dd9c7b7aff4f,0
354,cd445391-cd7f-4a94-b3e1-4aa7adc562ed,0
355,81fe2a7b-d2e2-4287-adaf-89c8b91ddb75,0
356,74a0558d-bd93-4a4f-a724-67847829d5f9,0
357,8d0d0570-5b7a-4bf5-8cef-171b8911fc0b,0
358,d1995055-553a-4275-8a7c-191406ba3369,0
359,86b33660-3cba-42eb-a34f-8d7958025d7b,0
360,9a9e0d2d-24e5-4324-9278-705e8f5df102,0
361,a5027c2d-59d4-4e49-90c0-699706e216db,0
362,3d44de53-fae4-402e-a8cf-af5afbd1532d,0
363,8ad85482-4387-4eb4-b85c-c95d0821b5fd,0
364,59553cc2-6401-494b-9514-828c6f67534d,0
365,3cc27125-10c5-4e78-85c3-7e9d986e74b8,0
366,81d9b633-a839-4b71-a794-db517d30ed2a,0
367,dcb29f37-0461-4e62-a265-75cee895a934,0
368,850044bb-6906-46dd-a8c0-5651f58b0e13,0
369,4e6291a5-2562-43b0-9108-3bb432b411af,0
370,0ac51d06-5ba4-4f51-9147-d35c74b8ec15,0
371,63cb0975-46f3-4606-a56a-d76062272fde,0
372,34a92418-1f64-45f8-b0b4-a766df7beaf8,0
373,5d99eff3-1497-4032-8a33-77718cb43b34,0
374,349fd0b5-0396-4d29-b249-c36e441bfe25,0
375,d7d281f8-fddf-4a9a-bb75-a8fffa266514,0
376,ba814874-0aba-4524-a5db-6fe8d808e052,0
377,90d2a94b-fdce-404e-9c9e-8c12176d45cc,0
378,72b924b0-802f-4701-8069-e1322b27d46d,0
379,e0c9c154-fd74-420a-8c29-d6df7af2e24f,0
380,d5e76541-6267-41d6-b5d8-1614a9909311,0
381,ed754682-beee-4856-b356-1b4f42970148,0
382,fc4d1780-3945-476a-bff0-a9fa1d4c69d7,0
383,2ebbffac-9fc6-48c5-af19-8f01d251e2fa,0
384,307d8434-349f-4b23-9adb-9b242894b04b,0
385,1c2f0c54-3e1b-4c00-97b2-545c7e3cc7fb,0
386,6a668e39-7902-4f18-a4cd-be3e46f3048f,0
387,894e096d-d7dd-4bba-a5ea-009e148d76f8,0
388,8d702b2e-36dd-4ec2-994c-d77b09710a77,0
389,73161d58-f8ca-4f73-8964-c6d9539db31b,0
390,d0d8fe0d-e3ce-4d59-bd2a-3a119e7d3227,0
391,23dce20c-56a0-48ff-a740-fc3cbaa4cce6,0
392,b4778c6f-5e90-4038-abf6-799450b2cf12,0
393,5d71d25b-acf4-46ef-81b4-42ea4e171306,0
394,902810d9-67ca-4d3d-bdc0-57fde66abd9d,0
395,1560e4d8-177f-4475-83c3-25d85139ca45,0
396,e2d2fe85-08f1-4a4c-963b-961477797ab6,0
397,2130b8f7-9565-4837-82f0-1a4b961cbb9e,0
398,77c4f31d-3d53-4a73-970d-6ea3405b94d4,0
399,fb595931-c367-4845-95fb-393e9c1cb6f1,0
400,778afb11-8a02-43df-af82-41b902ca0148,0
401,c2b9ea33-a95b-41a0-9242-f3d255a2d6fb,0
402,0f10acb6-eb6f-4f6a-a806-8266614b7b38,0
403,57f966b0-88eb-4840-a300-86a6721b5261,0
404,5364948f-f27e-4d50-8c25-69a47f8b77be,0
405,141e7801-ff07-4000-bcfc-feb7c08a1b92,0
406,c585f0cd-2d0b-4e55-9053-14cb872a8943,0
407,bbb0052d-688f-4214-a68c-3cfc58f309a0,0
408,74cfe430-452c-484f-b56d-7338c5089018,0
409,e712fad8-e3d1-4e8c-95ae-b495f80aee8b,0
410,03975fb3-f856-4090-a9ce-13f3620d6549,0
411,7bd3f746-ba65-4821-8ead-64031a22f26c,0
412,a0c0fe21-e046-4c42-ac28-92935dbf37f0,0
413,2d1efe21-1383-4277-8181-155972deefa5,0
414,5df9ecfe-5124-4a6e-aca1-2216bd7d06f2,0
415,0fe5ff00-231a-4437-afde-e9615c554fa6,0
416,6c5a4995-c445-4010-898a-3c761389922c,0
417,08c6eaa4-6a8b-440f-aae1-98c62c38213a,0
418,9f78879e-cadb-4d7e-9d93-93008de37f1e,0
419,f0024274-d9ba-4193-87bb-25e21f940c0a,0
420,bee3e1d1-ad50-4322-91de-44abc97bc427,0
421,756e6d72-091a-403d-8407-a335087cdc46,0
422,3647a41d-7056-412d-9aaa-3225356c1642,0
423,53a183dd-5690-462d-b733-98e8b40361dd,0
424,907e2061-6256-44fe-9f7e-ac04991a8ecf,0
425,1cd7da06-fb9e-405e-b891-7df304892fe6,0
426,045d3b71-d259-4163-b7ab-554f4cc57ac4,0
427,e0c7cfc8-15fb-4555-a249-25b78f8937fb,0
428,bb8079c3-20d4-42e6-9589-fce9df9216d1,0
429,7f7c57eb-ac0a-4b28-83d4-3e1befa37271,0
430,c5f0cf54-5ec6-4eab-967d-a6d28a8b76ba,0
431,6997bd28-cb37-4149-a76e-033e81186b51,0
432,f41295c7-591a-497c-9c39-7b2803e2a12d,0
433,9095df4f-6409-4942-98a3-e597238e1146,0
434,22b1aebe-ac6e-4a4b-abed-4368ae218ae5,0
435,e65f2b9a-aa33-458d-bbae-0688b053ca40,0
436,5ed60836-0957-45c0-8fdc-851345a7868b,0
437,e466d3b0-5d78-44fa-8540-3b069f2a8b15,0
438,0842acbb-e12d-4b5e-ab27-dc7934911003,0
439,c456356e-b70f-4b46-881b-0fdfd88c3213,0
440,eaae1e8e-64f5-4804-8648-0f85496e25d1,0
441,69481ddf-a085-4a17-9cf3-b8108a4823c5,0
442,085bbfd7-6f57-41da-8bc2-070616fdda89,0
443,9a19a288-95b3-48f6-93f5-a0d779765770,0
444,211c38b3-c04d-4830-8d61-80a18927b82b,0
445,f23ede91-0b7d-4433-b6bc-a2e73e27e6d7,0
446,af67fdcb-70aa-42b3-9f10-a83017bd791a,0
447,b30871b5-aa4b-4bea-a4cc-2b4693726fa4,0
448,d726f987-c309-4bd3-ba19-805ef3db9d92,0
449,aa1c976c-c012-498c-9bb1-ec9bc0c6b3aa,0
450,d37158eb-8663-485f-8e3e-139b0eaa0393,0
451,c9bfae89-737c-4a15-b436-46022f55f024,0
452,89f1b96c-b4af-4f9a-b66e-434d116e4897,0
453,4d48091a-cfb9-462e-83ed-ce482ea8f96a,0
454,ba8c9687-fc57-4b9b-a0b3-1bc6feec4a8c,0
455,d507c188-d15d-487f-8784-748b04ff3b20,0
456,abbd12ae-c5ad-4307-843f-33a03e097a23,0
457,9e1674a2-cc57-4d29-9552-942a60e58087,0
458,5d0fd65a-934e-4da6-b5bd-b8ae9bdf783d,0
459,d737e69f-f038-4e45-929d-24ebf2341e98,0
460,d9fdf3df-101b-46e6-b516-82c29cf86b4b,0
461,d2607de5-2e17-47af-9e43-eed9199f8c19,0
462,121583eb-0c8f-470f-b929-7c78cd0dc4e8,0
463,54ef4e17-6128-46b3-879b-e3fea38edc87,0
464,6304698d-a57b-490e-bbdc-35617b8d2d95,0
465,a7769bd8-8f1d-4b6d-b462-7d41dfb99b12,0
466,136d5a0c-6ff3-49db-b93f-56d39d8b8015,0
467,13af97a2-75e5-40cc-ac8a-f5775edb4be8,0
468,4d2c67b2-a5c5-482d-a673-3662c5f3da40,0
469,f0b3968e-684e-42fd-8727-35457693f733,0
470,6aafe27c-f315-4daa-8811-213f16ca8fee,0
471,719d6a93-14d7-40fb-9d5c-86e665c2cb4c,0
472,d670ef14-b15e-4cf0-8be5-bf17e19e8444,0
473,6c747dbf-0d69-4cfe-9b7a-30f9d013dab9,0
474,00fb34fa-a1e9-4321-808c-b3d5660999c3,0
475,50bc0f6f-1aa8-4e17-ac3b-8046ce7554a6,0
476,fcef67d2-d339-4b3b-878f-3fe825cc8b3a,0
477,b19c65c2-b47d-439b-9b17-b8f50eaaa259,0
478,fae0d245-ad44-45b5-a15d-1d0d5635f9f6,0
479,4a526389-aefc-4e9b-8c1a-2c07016a6cce,0
480,415df7cb-a8ba-410d-9bce-86f70df1174d,0
481,2d1f47de-461c-47b5-b6c1-5ac418a52113,0
482,3394c557-cc4c-46e1-a458-0bbd9205f6ec,0
483,3064425f-5dd5-416d-917f-0b45a02ac032,0
484,8c62fe67-f774-48d5-a587-42d55a8cd739,0
485,c418c8e3-174d-4032-9dbe-49aeb39aa548,0
486,e33e162e-d845-48a1-94ae-70cd44ae0add,0
487,b51ed44d-d66d-45f2-963c-1b0f2c4df26a,0
488,4e8f3d6b-96a1-4286-b40d-92809a88683d,0
489,3ad7609d-7c63-4298-b618-1a5bbb95b02c,0
490,52bd14d5-8c45-434d-bd8b-42fb90f81ec9,0
491,1995eb6a-10e7-4899-8421-49ce8b96df66,0
492,64b9aae0-536d-466e-8ffb-241ae8450950,0
493,bc7edd8c-4137-44ce-80b4-e5c4ba1cc5b3,0
494,589a5def-119e-4f19-be99-26ae84ca907b,0
495,f37eb67a-6056-433d-849d-a3b6750be447,0
496,04459c1c-b7c6-4bcb-8f8f-6e52a7d62bc9,0
497,a2c9428e-2b9c-444a-ba40-a099a61a37c7,0
498,07297f84-24c7-4349-88d3-58c4bac6e122,0
499,f648a4f0-6f24-4e9f-b33d-86d4f08d30a6,0
500,14bba5f9-a9b8-498c-8638-625eeb82bbcb,0
501,5ba34052-5722-4a5a-8d6b-ef13b710afa2,0
502,b7408405-13ac-46b2-b755-a2e925070ea7,0
503,76b38f05-c177-4c2f-b45e-b9928c041f0f,0
504,54794c14-7368-48a2-98b8-f32e45e7a3fe,0
505,1977f6e3-b662-45ac-afa7-79198e190818,0
506,36ab2197-e31d-4c59-88e5-7463949d4cde,0
507,1581a648-7170-42ab-b6bd-57c0ec6e1f11,0
508,6243f58a-3dda-415e-9816-9f8edf0d112b,0
509,ebc2d835-20bf-4fae-901d-8a0f85267fb9,0
510,7b43e8f0-ea7a-4600-a34e-129ae6c4542a,0
511,a14bff28-90bb-4581-ac4a-9c145126c0d0,0
512,652ba4e9-d882-4fa8-b37e-caf564e85c85,0
513,39be1839-ba8c-4a64-bc88-701e7a5ff4e2,0
514,ef57c427-3b4b-4695-8ec9-a78edf2d3ccf,0
515,a1bfe94e-a27d-4238-97b0-48a185dfc302,0
516,04eccf04-05d9-441d-b214-c096e75f61d4,0
517,fa3a555f-6180-4889-8ce9-5e4ba2516413,0
518,5d265356-1d5d-46b3-93c9-b2afe1e9eb6f,0
519,408d4527-5aa9-4f73-ab5f-8ae083f52b1e,0
520,bd4b8adc-e30c-48b7-8299-e2e30700172b,0
521,2df78e8a-b24a-4caf-9414-67c4394f0058,0
522,935da973-04f9-484e-b3d2-ee57bf6557de,0
523,b86c823d-3c15-4ae3-a1c9-e468620b44eb,0
524,2de2d304-efd0-4309-8bd4-28c37c239c17,0
525,c8da483c-6394-428d-bd1e-bf1fdf1f715b,0
526,58456599-9037-4a8e-8421-ac33cadf1de3,0
527,7145267b-0561-402f-9c48-d68fcf99ffc1,0
528,62ea3e39-a700-4942-bb88-a99b60a92702,0
529,5fcd411c-a3fb-49a0-a4d0-eefde3703013,0
530,8b838480-cefe-442a-83c5-09cd4fc3616d,0
531,f257ee61-b548-43aa-80c5-c386ec79b5e1,0
532,1c799f3e-e1a1-4e5b-81ea-cff75bfaefc2,0
533,7eadd03e-b64a-4919-9d93-5e25a469a071,0
534,300bac16-e5dd-494d-b0dc-09befb58d79b,0
535,3bb54b41-7aba-4095-b06e-2a5c2f431401,0
536,914d3b01-7250-4006-8f61-edd13f3f0c91,0
537,c03cf912-5a72-4825-a802-dd5934aae565,0
538,e40c9cad-1fe8-4391-b3e5-13224cddb586,0
539,1c25cd7b-877b-4b7c-b769-01010300dc2c,0
540,f04fff24-e090-4b3b-b395-b3454dd484b7,0
541,c9262807-882e-4297-a26e-6c902e5a9ea2,0
542,31606eae-d7a6-4130-98f3-50ab76d4b334,0
543,b70e34a6-000b-4892-bc0e-760eb533f809,0
544,f4cc924c-ec7e-4b93-b09d-c7daa8df77fc,0
545,590ca2bf-490e-41b4-b1e0-730d62b95808,0
546,387dcfa3-be82-4af5-8456-70850d07d932,0
547,a50c5132-a76f-4664-9a18-3097f4e7a659,0
548,f08bfe3f-3689-4f01-9ccc-343f73f08098,0
549,a11b3d93-a644-4ac7-a972-387ab8d6763d,0
550,91b6c55e-c695-4c80-ba53-7c68f62946e7,0
551,ab6c5180-362c-4f32-acb2-9abed4dd5376,0
552,14c5d81c-80d5-40dc-aad1-86516f5ee212,0
553,d222d015-9c29-47bf-94c1-49bde3b4cf45,0
554,7ab432e8-8c46-4786-ab1a-d626a0f8ee15,0
555,df94a14e-b101-4d81-9af7-db92f3d8a694,0
556,b3954b23-8af7-4f41-9c22-2c9e9c339684,0
557,301c4154-2b84-4a3d-8f7f-326f5407e1f6,0
558,1621987b-8fbb-4310-b229-2c5691efd4c7,0
559,f3fdb6da-d9f8-49f7-9234-0c52a3fb0d69,0
560,ab2bbb75-92b7-4695-b468-c61657ea01c6,0
561,f66661f5-5060-42ec-9852-3210383495e7,0
562,d90d1061-f528-4c48-9a16-5288f82a3db3,0
563,1b43ab2c-0b4f-4dcb-be38-f84894af6638,0
564,35686cfc-445a-4430-99cc-a9beffe868c5,0
565,a2f8bbf6-24de-47ba-9fe7-5949b1fae584,0
566,5aa57792-a1b3-46e9-8ff3-9c80fd39d7c0,0
567,6238c942-d4a4-4c56-a098-a4502af7ff8a,0
568,14396f70-0570-4250-be27-8e55b4db812e,0
569,421fa758-9d6b-482a-b0a9-c8429b643250,0
570,af5057d2-136d-4f30-ad4f-cf980cdae038,0
571,504b1d4a-2951-46b8-8bf7-755fa96b83ee,0
572,2096cb99-9c2c-4342-8062-31ffba1763c3,0
573,29add396-2d5c-4584-936a-de123418c445,0
574,b82269d3-dacc-443f-b204-8c7e26b6138f,0
575,e18f09d2-bccb-469b-9b0d-7ba731e89730,0
576,f886713f-a115-4e8b-bc6a-66ebbc602362,0
577,fc99b280-8bc8-4d4e-bc26-b309852bdbd1,0
578,dfb768a1-d3d6-49ad-b78c-94a7e64faf36,0
579,ad5ce9bc-9c9a-4a87-8090-fd4b36c1f5c4,0
580,43b98167-7537-4143-9feb-da066ad6b14f,0
581,23c443ae-bf58-4ac4-ba2b-5018e6c48841,0
582,2f10b6b1-4d7a-49ec-9ba5-897a1c8ecd5f,0
583,65e0e3f7-cbc2-4a60-853b-36419ae52e4c,0
584,3919f5bc-2112-4605-b875-0d4e2585b097,0
585,dff556c6-41b7-47e5-a50a-810534ab3575,0
586,091da7bd-6cdd-4f95-8940-4c00ccbfa6c7,0
587,2fd18c30-8591-402b-b753-dc921cdc837f,0
588,4d9723c1-ef96-4558-973a-853c576959fe,0
589,2f4c83fc-7bcb-40b9-8627-0c0921be8040,0
590,044d02b9-c7ec-4a12-986c-f4a67771ede4,0
591,4a143890-adc6-4092-a9b1-4bc55071d919,0
592,1dc555a3-4a81-4561-bc32-f1f6429b83f7,0
593,9081a21a-631b-441a-a4b0-98e36a769c83,0
594,7208eacc-bed4-45f9-8d8c-60fdcdca2776,0
595,125b2408-f12c-4ba9-bf76-8deac851b23a,0
596,262d672c-dab0-4ed9-932b-112dc87f29b2,0
597,a0d3d86a-d1c1-475e-9c1d-3cafe4b47471,0
598,7063c85e-cf60-4c15-896e-08771016e2ea,0
599,29d03931-f857-44a7-bac2-a50552e8319a,0
600,f105ddaa-b046-4096-8b59-a43c02b7a192,0
601,6fd0c6c2-c5d3-4c9d-998a-4f812e7efbe8,0
602,965435c1-6594-4e9e-bccd-26a7a70db08d,0
603,0fa29b5e-aaa6-4738-8c1e-aa1fd4fc83fb,0
604,c1e06aec-2af3-401e-9fe5-1f6a71f51e3d,0
605,4aa21416-496a-470c-bf43-50770cc7ce20,0
606,52069356-e303-453d-b296-ab673e143f41,0
607,977e590a-e8f8-4729-b8c8-adbdc47ea90c,0
608,64604415-6cc6-4165-af98-59b07922578a,0
609,8af5af78-4d54-432f-a545-66df77588bea,0
610,f1f9857f-4f7b-496f-beed-496153996f7e,0
611,1bfc9b3e-ed3e-49c9-9009-97b2daa9de92,0
612,ea998023-9c41-413c-9c8f-a8837ef5e350,0
613,932be58d-0085-4d6e-8ee5-b5577575d7da,0
614,394e8eb5-e386-4df2-8fd4-1f6b969852b9,0
615,57a90e3f-5875-4e53-8308-9fbdfda29575,0
616,4fae3b57-de69-4dd5-881d-7ebad7435beb,0
617,b23d8759-1420-4f39-94ac-07545e8d3058,0
618,c8c9f2b9-c334-41d4-9161-a7c2313112c8,0
619,d538528c-d9c8-4826-b506-4dca218130db,0
620,f2b5a687-bf14-4cd7-b3a0-5de9483c9699,0
621,e8ceecd5-2b86-4978-a99b-268c764155c3,0
622,edb0a525-603d-4040-8364-91592939710c,0
623,d380b121-cad8-4d54-bf38-816943b8f98c,0
624,64393d5e-d93e-4df0-95b8-ebb33ad01f05,0
625,53fc276d-6d58-4c65-ae36-7fe5ad5d4c7b,0
626,a3475cb3-eec5-4bf5-a3bf-e45f3870c398,0
627,79a1cd1a-9be8-4885-868a-0c0e95e5731c,0
628,73212bdb-63f1-4a7e-8bac-a3a5b2713397,0
629,63a914e2-73a0-4d32-8e06-02c42a84a40d,0
630,83c9270f-cdd6-43b2-ab10-a76bee6c4a67,0
631,15ad0531-c98e-4beb-9767-ebc0b3e2ecf8,0
632,5a1361ee-4b1f-4b9d-a99f-87815acc8dde,0
633,e4be56a6-08a7-4466-98c4-484382a3c753,0
634,b50686d4-af2d-4d24-a4f9-bffb3d5d16e8,0
635,89127e41-88e7-4416-ad9a-a58ed9bcd861,0
636,18e05143-2eb4-4a4d-878e-436407c53155,0
637,c1dbd3dc-786f-42cc-9322-15b70aab29af,0
638,458aa49c-bdcb-4e8d-8c4e-4c5f7c552070,0
639,bb3067cb-98f6-4918-b569-a0bf13765723,0
640,34a58cbc-935b-4a3d-b1f9-43a0f87d93a4,0
641,9214b010-3239-4d8a-9058-e809f8cf485b,0
642,1484dce9-fa48-488a-9560-d8080f836ea1,0
643,e93ec851-21a1-4841-bc6c-4a01b3e87e62,0
644,4351a618-40f0-499b-96a8-4a141ecc635d,0
645,14d09e99-f473-4b6f-af68-07bbfa13835d,0
646,8b75b2f9-cd32-4c9f-9371-3884ae674a3b,0
647,4a7c9f0b-d6a7-403a-8a99-19e3b112c369,0
648,a7c589e0-920d-4dd7-8a31-030abc603fc4,0
649,d5f55cba-504a-427b-bcaa-378b8dfcd90c,0
650,de6f4c9b-e6fa-4c00-9771-a34ad0bacff6,0
651,ec3270da-eb7b-4274-99a6-ff485bfc9978,0
652,e227be71-0cea-47b5-a762-c2dc907bda75,0
653,d8494e4d-c1a3-4ff5-ace9-982ffaab71c9,0
654,eb8fae96-b78c-4648-ae67-4b04432dc1f7,0
655,6c7a2762-55c8-4868-9d0d-af57fd3d1c23,0
656,398f3ba0-3b1b-47d6-8e57-d7b6ff7b19d5,0
657,2fe95c52-0d9b-4343-b6e0-12a12ae52677,0
658,91f4056e-f8ea-4c93-8c52-df484e2e1523,0
659,68cde535-6ba4-48e5-b608-d08c32342566,0
660,d564a628-8444-499e-b1c0-8076f3753df9,0
661,aeb3ae47-e340-4b2e-9b6d-03dba9e79780,0
662,6defdc3e-dbed-4a38-a860-a8f1e0b4d90f,0
663,0d76fcae-be60-47ff-baa6-621e2ef9467a,0
664,e03f2272-83b7-47dc-b9d4-a91dc7355c99,0
665,e846b97f-72d2-4881-adbd-f278182c8167,0
666,ff3417bb-c1fb-4c3a-869b-b43cab37e5b8,0
667,9c2aeb51-1343-433f-ad1e-e22b990d2a7c,0
668,16ea6855-85e7-4f9b-8356-6abe7e1f8335,0
669,09531b23-4194-472e-9db4-1d9a073a1471,0
670,c4ac308b-c8fb-401f-88cd-d85df7c35b54,0
671,c62b4d7c-1564-4d0a-a410-c71a930f7895,0
672,8ef8ef7d-74bc-46b2-a715-083a5b9ab995,0
673,d40b3d27-0585-4179-8785-8d030b303485,0
674,3b068fcb-98fe-4732-aa95-478f64ba96ec,0
675,75879ae5-0b0d-4056-987f-b3a96a48a038,0
676,343de00b-5811-4bcb-847d-b32b678b10f4,0
677,ba7c543c-4632-403d-86f6-d833c7884e9e,0
678,67a6c35f-deba-4428-a3c4-3219ee2826ea,0
679,3c6aaa44-5b4e-4189-afba-556dd5087d39,0
680,93613368-9115-484e-aad5-49d5eb9f4d07,0
681,4f97d687-9941-4f73-8757-0acfd7eb3f3e,0
682,1b089521-f939-4692-b5fc-383cbe359bed,0
683,a2c8ff52-9613-40a4-b3e5-76b06be3e120,0
684,582d1cd2-8ff4-4074-97ff-950dc45211fb,0
685,0d925ffd-d879-48f6-bbe3-1b790590f809,0
686,ec21dd0c-a935-4f15-874b-7ca26758eebf,0
687,5ebe0592-8550-4aa4-b6fd-fc4c57d6099c,0
688,804f1fc5-13a7-4a05-8f8d-3d0a8425b039,0
689,417fde65-852a-47a1-8cde-637204b6946a,0
690,ad5c0d38-4bae-44da-905e-f2f11e9d076c,0
691,a71fc9b1-8d22-45ca-8ca9-05418962a8f3,0
692,4c4e675f-047a-41c2-a1ef-3b741b511bf3,0
693,06780949-c336-45d5-b491-60a5d8872585,0
694,ea5a8a81-dce4-4ccc-aced-0875d7e7ab7f,0
695,8236935d-2c84-4684-b167-fa2581838866,0
696,c0afc2c9-c9dc-4fee-843a-f47e8ef7bf95,0
697,e162a347-f666-4d0e-92c2-ec6f0a2eb0aa,0
698,7b94784f-4ea2-49b6-8a91-555755e0d1e6,0
699,eb6fe17e-b5d7-4b39-ab1f-56240f9ad34c,0
700,afa5458c-b3f0-4357-ad46-04556582d387,0
701,cc12140a-f412-4711-b634-91388e98aa00,0
702,34eb4cfa-ecf7-430e-99ca-4178fee365c4,0
703,e9a820e0-9df3-41a1-8ffa-2aa5c81fcfad,0
704,35ab2b4a-81fd-40c8-821c-fef433845bae,0
705,0af76027-4b80-4305-a629-7493441b4dbf,0
706,e8109006-e43e-4e55-9226-1302628af67b,0
707,9b7469a7-8f9d-4508-9f4d-d9cea783d705,0
708,e48e4a2a-9fa2-4c7b-ba49-a57af9bb377f,0
709,d8501ef8-94af-4a6c-bdb4-90f8c1d06d86,0
710,444725a5-2ef0-4555-b9f1-eceb655d61c5,0
711,e9b71264-c29a-4188-9ecf-709e70b6bd76,0
712,d91dd2f2-1037-4453-a382-de22d8cd0b9d,0
713,c4d6e776-4817-479e-96fb-1c2c8d5d2569,0
714,9a4563d3-60a9-4b60-870d-bea77d1894b5,0
715,2f77b2ab-37e4-48ea-b6d7-2bb6125cac5b,0
716,0b19ed22-0ced-4269-90b5-fa03c74bf6f4,0
717,03839777-56cf-4437-bdf1-7ab9c26d7c1e,0
718,accb60d7-e96b-4a54-9f97-2d70eec9823a,0
719,13f9786d-2238-431e-b2a3-2f965bead8cb,0
720,b73e141b-7830-495d-a474-97c401e88c45,0
721,ace447bc-2a3e-4e85-94a2-3e954032598c,0
722,1a009db8-8da7-4558-968c-28260fb96a37,0
723,2c2ccd06-e21e-4352-8ee4-8a58fb20b0c4,0
724,5dbf172a-4bf7-4e8f-9202-f8cf6d8c6736,0
725,bdafd5a5-6338-4bcb-98da-4377c73f229b,0
726,96f27e8b-a6d4-45ba-8afe-f8fbe9f2bab7,0
727,030eba51-9a9c-4b34-b7b0-cb4f5b4c96d0,0
728,00be5017-56a0-494c-8828-4b4fe6e07244,0
729,13d14bbf-537f-4ece-94c8-d63c639e571e,0
730,cdc6775f-d77d-4597-a77b-39ffebba0228,0
731,d1c99531-11d7-4510-b53b-ab4e5d6e1d76,0
732,03d8865b-da34-4fa6-803b-5b76cdd22858,0
733,89715e01-abab-4103-b7b5-22147ceadeb8,0
734,9f4b6b07-afd6-4fc8-ab9f-93367992a2ee,0
735,bc0a92ff-42a0-4302-861f-25d9f7bb2ec3,0
736,65ae4931-bc72-4841-8bc2-85b546b3c577,0
737,f4a4dc13-4eb3-4cef-ac97-adcc6e9df8ad,0
738,19e3853e-8e27-4d43-94b0-f9c699c8967a,0
739,65b6c48f-1ed3-498e-9ff3-e1bbd1b79ea9,0
740,b6a1d58c-c0d8-46d6-8824-71f8ebf48ed7,0
741,f7df65c2-4887-44ea-8413-75cc4ae403c1,0
742,7d7b6f34-045d-45d9-b8c0-41841dd3c77d,0
743,658aa02d-2885-4f8a-a76f-576df6d5e205,0
744,41a942f6-321f-4b7d-b02e-98959688bdda,0
745,9ce1c08e-1325-4437-a68c-ed10b365b022,0
746,c8bd65b0-0bfe-4819-8bf6-6af939c0b9d0,0
747,1fd7ea10-8e9a-4306-ac18-88555d1c6f74,0
748,e0e68d8a-48b3-4b0a-82c9-23e2d99447ac,0
749,b6f22246-c2b1-4e83-95fa-7f399cab6e67,0
750,bdc182b4-7166-4334-8c05-7e79ad9f21b5,0
751,be77166c-5cd4-4f87-89f3-e5854d742526,0
752,08d79156-5aa9-4bd7-8b34-3838a67ddd90,0
753,73461c2b-8833-41d4-bee8-2b0dbc8ba772,0
754,2c79b297-17fa-47d4-b111-f9ae7b4b4b88,0
755,55fb6991-2ea7-4155-94cb-34f9a7fef991,0
756,3c458224-cf83-47e5-8050-a43ce84f4315,0
757,ef7e4e51-6bd9-4a50-9acc-9998fa5efe7b,0
758,02e23d42-657a-413e-a022-2edb036f5a47,0
759,a1c41167-ee63-4996-8d7d-ecd7c04e16d6,0
760,64373d3a-5147-4567-a291-765df4f5d38d,0
761,2cf4c85e-db86-4689-9faf-defd482ecd4a,0
762,e5b80733-934e-4007-98bb-c525ec6f0765,0
763,812adc9b-217e-4585-bace-633c5812ffe8,0
764,4fa789b7-e80c-4ffa-a6bd-57c65c431326,0
765,d149dcf7-e3d8-49be-8f37-87ae3519f230,0
766,c8b9c464-e08a-488d-a152-a9c56a89f925,0
767,7e9e8202-e971-4f15-9332-ccdfddebef6d,0
768,7cc30bf3-6bb5-4bb4-a433-f1e38d3a2ed9,0
769,3e65bcbf-819b-4a4e-b757-693d60b63e3f,0
770,13648307-4528-4a1c-b465-e2660d2e763c,0
771,848cfc21-ad7d-4ad3-a1b7-f8167fffc90a,0
772,6bfb1e6c-b11d-4480-98d4-8a08eb696f0e,0
773,06b15ba7-476c-4e84-b46a-2d480189d4e9,0
774,decb2440-d1b9-4458-9fdd-e45c94cdb4a8,0
775,ea96503c-c414-41b1-8593-bbe1ecfc4d8f,0
776,6c028c75-e8d8-4d00-bca6-03e8363aa354,0
777,27731953-0690-41de-ac1a-7dd22e7367e4,0
778,4ba8963a-e280-4abd-903f-131c8077fe57,0
779,aaa9495b-fc91-406a-bc95-a6e4ba96b4a7,0
780,b003901e-c4de-4726-a604-4221792fab9c,0
781,68d4c7e5-e744-4e1c-9488-6630ae686822,0
782,062d46b2-f0c4-47c0-92cb-53085e13b930,0
783,8235d146-00b2-43ae-b282-64c612eb8ac2,0
784,0a68c022-63a3-4c12-8038-7ca591f86276,0
785,eb0383f0-d1b2-4bd7-b237-e58459230e6d,0
786,8f0df5a6-0760-402b-ba36-e66eed5d7682,0
787,99022489-aa4f-4ec8-b5fb-360c5d646a07,0
788,59824a30-edda-417a-b2af-b196b93e5f4f,0
789,6527c2ed-414c-4674-ae84-a031d2701a72,0
790,0a0925c5-e3d2-4e58-aa9b-2443cb6e47ce,0
791,cd70a97f-43fe-449b-a776-350b6930e8c4,0
792,223b9c10-ea32-4714-b1ee-6e6982cc020a,0
793,fb37ea74-ca0f-47d7-a2e8-135cee39abe5,0
794,246bdc9f-fc27-45a9-ac63-aef81f51d453,0
795,5c4a78b2-ff41-4c73-913a-2cb60ece25cb,0
796,65039833-8246-49c4-a149-3151c1d18bc1,0
797,1132150b-4728-427b-ae64-5d49e89e1522,0
798,e25466d7-09ad-40d2-b6e7-9f60c56c9ac7,0
799,c73dcf39-4337-4a9b-b078-202f13698d75,0
800,6effbeba-8573-4582-af94-f3619e47992c,0
801,b35091e4-cc95-4c77-aa3f-49435cb21056,0
802,6a0dfc5f-4d58-46b7-be82-2f2c1dda90a8,0
803,5f0f0b5a-9a63-40a8-a92a-c038c56dee59,0
804,bb71ad9e-2bb3-4e5d-8fd8-c83ddf143838,0
805,2d0454bf-9abc-463f-8bf9-1ec1148b82a7,0
806,3914c4ee-e0ca-4820-9ec9-677ee23f569d,0
807,5ee705b6-7e10-4e8f-a108-cd08d7ef76de,0
808,a9bcb1c2-5af8-4e34-9aae-3054d7e894f2,0
809,be562384-bec5-490c-a130-71d634c67f7d,0
810,a63aafdd-1806-49c6-aa59-e0d66759d4e5,0
811,d33f3a79-3a60-4e7f-941d-7003746dfd73,0
812,0106f6ab-95e0-48cc-8ba7-570b78ec8572,0
813,95e1e787-4380-420b-b451-da3dd4bcffd2,0
814,8755d6f0-9a1a-42ff-ba94-b72a17dff13f,0
815,ed0f38c9-7f14-4fa8-b569-2b19804e259b,0
816,3365b12d-c346-4189-93ef-88382459ba78,0
817,c2918dcd-e598-4730-a33a-60a410bba783,0
818,461d39d9-074d-4acc-94d7-114bb1ae26ad,0
819,57a31029-ed5d-4c2c-bd02-dbe11f823334,0
820,edc7e07e-b8ae-4754-96b6-90fcf1fc5bf7,0
821,e480be31-61df-4969-8697-2e20dd06e2f9,0
822,24a2f35f-89c6-4bcd-ba61-94173a7bbc4c,0
823,eab80b2b-ae0d-461c-8d96-e7a91b283657,0
824,c2fd364f-f66f-48fd-a307-08795a7b190d,0
825,55cdcf42-6610-4cdd-ba9b-5737aec4b58a,0
826,01d3a96e-c9d0-4f1d-af35-83097a619767,0
827,ec74838b-3c4c-4b66-880c-54c1737116fc,0
828,5269f67e-ac5d-4530-8068-ecd22b1c5028,0
829,48be3989-6ad8-44b3-8cef-d16bd4dddab2,0
830,fc645cc6-f16c-4f81-b062-6ccf432a548e,0
831,817a80f0-0aa3-45a5-aa38-08315308596f,0
832,cd539fec-53fd-452c-b818-a32b581c4ce0,0
833,cc597cb6-fa95-46f2-bf1a-977d8475b8cc,0
834,2789aad5-255b-489d-ae66-f5ed34a39565,0
835,bb7bcb67-c116-4c59-9238-97efccc3ccd7,0
836,74ed21cf-9ef7-488b-995d-f077cd584b95,0
837,78c3f32a-6613-467b-ab9d-b0cf1aa5e08f,0
838,e556bd2f-016a-4f75-b394-c7009e0e8e20,0
839,a7af719c-4bf2-4185-b211-8092b524fb85,0
840,385e7da5-cf47-457f-8bbc-53a62baa91c1,0
841,678b7b75-5a31-47d5-a276-784e7b0de2e9,0
842,74865f17-937e-4547-8d41-13c4cffca3c1,0
843,b2532664-57bb-4522-a1f9-6fad66b67f2e,0
844,06136e9b-4e43-4444-bfb9-b1285301d14a,0
845,14b1f166-4eef-4bee-9846-b4e8a50e85e0,0
846,b0c036a8-901b-457a-9bf7-62742de1039a,0
847,dbc14409-b0a5-4f05-b8e2-2f0d1a7494c2,0
848,d51eada6-e477-4079-9f95-eb1386b14a36,0
849,776b488a-287e-46f9-bfa7-f094306645ff,0
850,4bf97e4b-cda7-4cf3-ad7e-0a635ebee1bc,0
851,c16289ef-76c5-4a43-b8de-ee7d14750e9c,0
852,a75d2650-ea77-406e-89d9-4a2b73a553e1,0
853,bdcbe49f-36ed-47aa-a4e4-578f671714fe,0
854,4a00681e-e97f-43e5-b128-a67c85e94d91,0
855,d0d6b0a3-0948-4833-bc52-7cc26798fb78,0
856,fe19af33-188c-4ad8-9d2f-b75d5eaee99d,0
857,295e5dfd-2192-4682-b7d2-2cff6d4db5f5,0
858,cc73f1ff-528a-4fbd-8878-520a57ae0bcf,0
859,2829be90-e991-453f-aad6-8137cbcece07,0
860,b96df8e5-57f1-4be9-b336-9fd8cd2083e3,0
861,bb6211c6-327b-466d-a48a-69e67b8a3a72,0
862,8462448a-3efb-4a48-9256-85a30a5756a1,0
863,e0a580ec-fb11-4bec-a9c0-86a9750875ba,0
864,004fec0a-37b9-4fde-ad55-fb7a78517cca,0
865,9854d99a-b319-4e41-9f00-3461258f2247,0
866,5e4f77e3-1b88-47c4-a2f1-4012c49b09d0,0
867,aeafd429-d367-474b-9796-b316152f52de,0
868,3b53f44a-4cc6-4610-94bb-fb7463f9ce34,0
869,784b7b83-77b1-4038-a224-1d3876f5de8a,0
870,3f7bc92e-ea0b-4dbf-bfd6-21a42ef637a6,0
871,91d41ba3-c62c-4c3a-8c94-e2e691d3862c,0
872,6f707f54-1a93-416f-b305-093953629343,0
873,ac696442-c9d9-4a6a-a564-1daf70240936,0
874,8f5cadfb-810c-4930-b0de-2632814e1ac8,0
875,c391e49d-6498-424b-b94b-63bedd53d2e6,0
876,dd100678-2df6-49ae-b9fb-54dacee712a1,0
877,cdcf6cc2-29d3-4bf6-b89a-64e16002b4f8,0
878,e41d2d7f-a9be-4db6-9073-509782a65c6d,0
879,a4eca6cb-0e7c-4028-ac13-16485973b568,0
880,a0b63082-1953-4229-8050-7e7e0abe964f,0
881,8c9d40c3-ef72-4599-9c63-a99f6dc980d9,0
882,732dbe90-7df0-4903-8669-389fa92d6683,0
883,75d0e798-d129-4724-9097-aaf4c8125222,0
884,9943e952-9b99-4877-99d0-8ae155d6ecb2,0
885,8b873428-81fa-49e3-86b1-c8b84e8bbcd0,0
886,bb6a18e5-f1ab-4b1a-bab8-53a5762fd9b1,0
887,40763211-a834-414a-a8af-272b143bbd56,0
888,446c3cd5-d366-4c7e-a5fc-28c7d15a6064,0
889,a365d012-5d28-4558-9b2a-df3687ac6e44,0
890,c12411d1-0fea-4320-a660-d1532691146f,0
891,d1e22e25-bd9a-483d-a048-10b19491e293,0
892,4d66ca0f-23f6-498e-b704-ad57574684da,0
893,246819bb-5bbd-4e06-91fb-12c9f9304a2c,0
894,a1042788-e245-4d88-9d01-82627e95d4f4,0
895,bafb8c19-c691-4114-bb88-5ec26dbb4a34,0
896,c4c09cbd-14ed-426f-add4-34346e1caa22,0
897,4d76a4ea-8554-4193-8d19-1abfa4162e8c,0
898,e8281904-e761-4583-90da-3fadc740e69f,0
899,68da3374-1287-410e-8868-235be2daffbf,0
900,7595ee21-d827-437a-81e9-53a804738c6e,0
901,c4a6b563-161b-4a06-ac41-eb4ee3c97a17,0
902,48acb56d-2a5d-47ef-b505-b8fd8d535c7e,0
903,1b8accf8-b91c-45b7-8cf1-7f179adc3605,0
904,9f2fc274-3d97-4f67-987f-d72088cc04c0,0
905,c9128b11-e7f2-477a-aef0-002d0c1d72b8,0
906,c4e6a087-4f0b-4eb1-b293-0fcacf7bcbbd,0
907,ccd214d1-9f8d-46f3-b55f-57369ba7e132,0
908,a124f532-28ed-4bdc-8f2f-ffdd00aaf848,0
909,dc3863e8-12d0-4cce-9961-ad3a3b5a2f3b,0
910,a99d57bc-d12d-4b50-b226-d1f3c26c2025,0
911,2c3a6da7-6af9-46d3-832a-d86ddc15a5db,0
912,c32ac480-38f0-4ec2-8806-aa17665b6f00,0
913,8b7d992d-66ae-4da5-b856-d59aff695916,0
914,5ad221be-6004-4f32-b86b-98ccab25514b,0
915,55980ecf-13f0-423f-b1c6-8bde45be10db,0
916,0f7bfdf9-519b-4339-a0b7-dd05b420ca41,0
917,dc19c2fb-8709-4609-af3a-44b27d794785,0
918,616d15be-426d-4ca6-b55a-da1e2ab04526,0
919,3ad8ad24-f39a-4e45-b999-214a0e165a7e,0
920,4ccd2ad7-a099-4a0b-a407-f48d0860f2c6,0
921,07104afc-ffa2-49bc-a882-389cd1a338ef,0
922,983b52d2-a63d-4a36-94c7-2209db425a40,0
923,db948c45-b714-49cc-8854-a8edf9b5cdf4,0
924,4bb06a06-dfb4-44db-ab68-5e8ffa93f454,0
925,0efdd8e1-1393-4f3a-bf4a-45a8fb8c2ce0,0
926,33f2ccfb-d4cd-4ff0-ada6-19cb187345d5,0
927,a3e4fa61-00fd-4a31-883b-3faac02f2005,0
928,fe9c0525-d067-4a63-8a67-19a6d9487eb4,0
929,90ee5c65-7ac8-4af0-a7c7-6ad914ae9238,0
930,23aa12fa-e913-4410-bb1e-c7805f8ec908,0
931,fb52e79d-8910-40a7-bd06-e4b75c440e37,0
932,609eb312-9232-4bef-9ba4-696f77ec09bf,0
933,8de7163b-de6c-441f-be31-4b5f1612ab98,0
934,904ed99b-8474-4d10-8d48-06c3e1db84cc,0
935,24d760b2-a475-4250-bcbc-736ff379ae67,0
936,b32c2f7c-2205-49ee-8ef8-724b8f2bb43c,0
937,8fb3f86e-540a-406a-9e06-37aabb089a0f,1
938,6f0083e9-8f3d-4f1d-bae9-b03220cc20cb,0
939,66ca15c3-bef1-47eb-afd8-a2dc8a1d3794,0
940,bb4eae70-5f9c-4acf-923c-8798381add89,0
941,d12c0703-6c36-4bde-9d63-5ae65520e9a9,1
942,0b6406af-42c7-4753-a548-03811662e145,0
943,14f0b48c-b0d5-4105-8e7e-3884638c2afa,0
944,ccf84395-d722-49ec-92c0-31e148407963,0
945,50e225bf-7a92-4cd6-89aa-f343b2590301,1
946,82a888dc-baff-4f69-8aee-f42607e08148,0
947,3baa2d3d-9fcb-4ea5-9eb7-781bf1975822,0
948,cd01f9b3-1682-4ef3-8393-c2602213d7a2,1
949,8355d3c0-c98b-4158-9482-cefaa2ad2f7a,0
950,f940a722-4327-4317-938f-2de1953b38bf,0
951,27e034c4-297d-45f7-bcaf-34bce814bc2c,1
952,20d914ba-e6b0-4649-8592-00240924e8dd,0
953,4a7b0639-8e33-41ad-ae71-2bc41d6fd895,0
954,efbc58b9-fd8f-4a32-b5b8-6f20ac3420ff,1
955,1e424d35-b88c-441c-821b-4394427f2b74,0
956,0cabc7b2-7cad-43b2-8bc9-23e66f48a008,1
957,6edd0cbf-016a-47d1-9172-fbd2710fe739,0
958,2c99b34b-8445-4dd7-8e31-13b8df01b7d2,1
959,420761ea-4c0f-4b88-b7b9-d7eddbe029af,0
960,d5cab648-a889-465e-8b87-463f2d9c2147,0
961,a8375bab-369a-4aad-af6d-00032f410e35,1
962,bed9486b-f6ec-442f-bf06-82d32733861e,0
963,beb9957f-403f-47b0-8bf5-4027b0e7116b,1
964,f9d69565-ac53-4b9c-baee-818c62356bcd,0
965,664c3c84-5d2e-46fe-b2f1-65b8d0845989,0
966,a7e77956-08b2-4622-a197-86354e2efe5f,1
967,88005b5b-bf5e-4a94-8daa-0750dd66681e,0
968,818c23dc-dc9a-480a-a4e1-a9320dd9cf31,0
969,feabea9c-178e-4b79-9240-f08374b22f76,0
970,109905bf-fa13-43f4-8234-0863f6c8e17d,1
971,3bfd9834-2a89-4363-aae3-043239df64a2,1
972,befbf566-13e0-4008-a0cc-d2e7d0950eae,0
973,bef782ae-370b-4ec5-8588-c0723a0be5bb,1
974,033d296a-bdfa-4f6f-997d-a1c5eea583cb,0
975,a04cea44-853a-4cb3-9168-60031eebbdaa,0
976,2941888f-7047-44c8-85a8-7ee1fe1e60aa,0
977,e216a36b-5854-4ba6-a3f0-c6b05a1d9eda,1
978,a760a958-0d4a-4ace-b176-b4152a092e02,0
979,5d4cbaa7-5218-41d2-bf0d-5c7388c1c4c3,0
980,b3f7f3a2-e7a8-4ec3-9e91-290afa39e842,0
981,432831d9-2f25-4b90-96bc-e0faed8b1d90,1
982,0fe3e053-43f4-4cfe-986a-8077b9d266ae,1
983,47802206-f4ab-48da-a992-eebda51e0a8c,0
984,e536dd73-7a53-4171-9b83-3baaa04caa46,1
985,feef091e-abcf-40db-bfe1-ebebc2af7157,0
986,c59b1b0c-3a37-45b5-902f-b77532f2d1e8,1
987,97855e87-32f7-4eab-92d8-26f078fc3b68,1
988,2116a839-1c3f-4a56-894b-3d9b5bed769f,1
989,1ef6307e-29e1-4253-88a7-f8e492fe7e47,1
990,0fa840eb-a0bd-497b-a282-d6598421d627,0
991,20de1447-560e-4be7-a5c0-4466a33b83a9,1
992,d93e9a73-4f29-4ce9-bcba-51b6fdccaa6c,1
993,e0f82139-da1e-4491-ad09-a6c3429ccb3d,0
994,cfaaca45-7170-4b2f-bb91-978e9a3b7097,0
995,f0177684-0df2-46e3-9485-eb90990b102d,1
996,c947f819-9e44-4b8a-9bb7-b4574291fb84,0
997,6111f8ee-a4ca-4294-bb9c-96f79b6eda5e,1
998,d9edbc80-907b-4689-983d-5589711de1a3,0
999,f99e995c-7ed2-4ed7-8362-d0517703c53f,1
1000,0eab0290-ba5c-4a5b-9541-ffa87c79dc7b,0
